Company,Creation date,Yearly revenue,Phone number
Cursus In Incorporated,25/11/2003,2505222,(002) 45726441
Adipiscing Company,22/09/2005,487103,(00606) 7742008
Adipiscing Lacus Corporation,08/07/2008,2968258,(05646) 4683131
Pede Company,24/12/2007,2934734,(04752) 4145339
Ut Cursus Luctus Institute,02/01/2002,843118,(068) 40241523
Felis Limited,13/07/2004,1078008,(001) 91497961
Sit Amet Industries,15/01/2013,1680285,(087) 17370346
Non Arcu Vivamus Associates,21/05/2015,2532214,(0406) 82754651
Blandit Congue In Limited,02/08/2010,2195148,(07333) 6155072
Tortor Company,04/04/2008,2753527,(035889) 956803
Faucibus Orci Luctus Associates,28/07/2004,474626,(0741) 64461430
Eleifend Institute,06/04/2004,1604105,(02359) 7664905
Accumsan Convallis Ante Incorporated,12/04/2013,153098,(0081) 71439607
Magnis Dis Parturient Ltd,12/05/2008,2133138,(07723) 8896703
Diam LLP,25/07/2011,2262061,(0858) 04332718
Montes Nascetur Foundation,16/07/2013,2054844,(0518) 59866905
Sapien Aenean Ltd,05/11/2013,1207760,(037446) 515856
Turpis Egestas Fusce Company,15/07/2004,2938970,(031606) 411710
Purus Ac Institute,24/06/2007,819348,(0407) 24262019
A Malesuada Ltd,15/03/2002,593803,(027) 72669456
Proin LLC,01/10/2001,297469,(0010) 42976122
Interdum Nunc Sollicitudin Ltd,07/04/2013,1752876,(06596) 7973747
Gravida Aliquam LLP,14/10/2001,2101807,(003) 09545030
Commodo Company,01/05/2014,2069323,(00734) 7616343
Penatibus Industries,21/03/2007,2241829,(0178) 47706138
Amet Risus Donec Consulting,14/03/2011,2431079,(018) 91387207
Integer Urna Vivamus Inc.,21/06/2014,595425,(0625) 80837210
Vel Faucibus Institute,30/08/2013,2213143,(047) 43594925
Accumsan LLP,10/11/2006,139029,(030459) 564328
Lobortis Augue LLC,15/05/2004,2609491,(0797) 80329799
Odio Nam LLP,19/09/2000,1394332,(036663) 355493
Varius Corp.,13/02/2007,732035,(0855) 17417783
Placerat Industries,18/05/2009,2796225,(09282) 4710361
Aliquam Eros Ltd,21/03/2002,480628,(033447) 650913
Sem Pellentesque Ltd,24/07/2000,526715,(01561) 6129968
Odio PC,23/08/2015,1163272,(073) 31381531
Aliquam Vulputate Ullamcorper Company,07/05/2010,513119,(07253) 4400718
Et Ipsum Cursus LLP,15/03/2012,1563188,(00523) 8842878
Arcu Ac Orci Ltd,30/10/2005,2959400,(0995) 92298508
Leo In Incorporated,02/05/2004,381682,(0554) 83281599
Lacinia Orci PC,26/10/2013,1490867,(062) 36421611
Eget PC,27/08/2010,757621,(01820) 5087016
Montes Nascetur Ridiculus Limited,20/02/2015,759405,(009) 66604874
Lobortis Augue LLC,13/07/2015,1891684,(0752) 89533821
Dolor Associates,29/05/2004,2039503,(051) 69982646
At Risus Nunc Ltd,15/11/2002,2006781,(04117) 6324466
Tellus Justo Institute,24/11/2009,1063566,(00005) 8478686
Mauris Corp.,17/09/2005,123799,(065) 72073565
Diam Foundation,17/07/2005,2213527,(07981) 6307507
Phasellus Dolor Company,21/11/2007,2898716,(030124) 637337
Odio Tristique Consulting,05/07/2000,1675050,(09261) 8047209
Arcu Vivamus Sit Corp.,31/10/2006,2407003,(0506) 84583150
Donec Sollicitudin Adipiscing Institute,26/07/2008,2237687,(079) 58684118
Leo LLP,11/04/2015,1835185,(01003) 4019160
Elit Ltd,24/01/2015,2811569,(0516) 53479428
Facilisis Magna Inc.,24/12/2000,846400,(03948) 7727547
Vivamus Molestie PC,18/11/2012,1757031,(037237) 887599
Turpis Egestas Corporation,31/07/2010,1695244,(039756) 096675
Praesent Luctus Curabitur Consulting,16/02/2003,1610384,(0943) 27995403
Pede Cum LLC,05/08/2008,1761638,(03317) 3631485
Libero Mauris Aliquam Limited,14/09/2011,1336526,(09915) 9903123
Blandit At Nisi LLP,10/09/2000,1038918,(033927) 425590
Penatibus Et Consulting,29/10/2005,632013,(089) 15610967
Ullamcorper Nisl Corp.,09/01/2016,2657059,(016) 58832609
Quisque Imperdiet Erat LLP,22/11/2012,1030989,(031845) 046755
Euismod Et Commodo Institute,20/03/2004,2381000,(0060) 30598871
Massa Mauris Vestibulum Limited,05/12/2005,2720958,(0589) 82608544
Consequat Nec LLC,09/04/2016,2799562,(020) 60128687
Ante Dictum Cursus LLP,19/03/2007,654785,(054) 64413156
Arcu Associates,10/02/2016,922032,(0474) 68093959
Sed Nec Associates,19/05/2005,1574497,(036507) 542760
Consectetuer Inc.,09/03/2003,781239,(01278) 5906621
Justo Nec PC,24/11/2011,1955315,(06120) 8319390
Eu Institute,23/07/2011,1594195,(058) 83066453
Malesuada Fringilla Est Corporation,11/12/2010,1223390,(078) 03495071
At Limited,06/07/2014,1884530,(037276) 677341
Elementum Dui Quis LLC,08/07/2001,2527872,(038015) 782004
Auctor Nunc Nulla Consulting,25/09/2009,1376494,(032275) 155842
Ligula Consectetuer Corp.,14/06/2003,2687543,(034682) 283147
Non Vestibulum Corp.,19/07/2014,1095826,(012) 75971543
Fringilla Donec Feugiat Ltd,30/01/2012,967435,(031078) 039797
Aenean Eget Magna Ltd,25/01/2007,886546,(037529) 576631
Semper Tellus Id Foundation,04/03/2009,1590114,(0272) 07297136
Libero Donec Consectetuer Limited,11/08/2007,2943862,(078) 25522203
Risus Quisque Ltd,17/12/2006,997904,(04293) 2342945
Nec Institute,10/04/2015,1624232,(04461) 9876568
Dui Foundation,10/10/2008,917061,(082) 95933348
Vitae Posuere Consulting,05/10/2002,292865,(033583) 884594
Sed Eget Lacus Consulting,12/09/2015,2713874,(01339) 0551794
Luctus Inc.,08/10/2010,1230370,(035331) 010657
Ante Nunc Mauris Corporation,24/02/2005,349782,(037710) 632425
Laoreet LLC,15/04/2004,2992960,(091) 23622672
Ornare Institute,10/04/2010,1062555,(099) 14801928
Donec Non Justo Industries,20/05/2004,2436893,(054) 46998550
Varius Nam Inc.,23/03/2006,2774766,(05442) 4672213
Integer Limited,20/05/2006,1068988,(081) 62528073
Imperdiet Ornare LLP,21/01/2015,650111,(035889) 156751
Et Tristique Foundation,03/05/2006,180289,(0166) 59456521
Tempor Diam LLC,24/12/2007,322310,(0627) 83186891
Fusce Institute,29/03/2014,1011885,(01833) 2393388